{
  "src": [
    "rock-drumkit.ogg",
    "rock-drumkit.m4a",
    "rock-drumkit.mp3",
    "rock-drumkit.ac3"
  ],
  "sprite": {
    "crash 2": [
      0,
      1364.8979591836735
    ],
    "ride 1": [
      5000,
      1381.5873015873015
    ],
    "Hi Hat 1": [
      7500,
      271.26984126984155
    ],
    "Ride 1": [
      21000,
      282.72108843537325
    ],
    "Kick 4": [
      45000,
      141.54195011337833
    ],
    "Snare 1": [
      55500,
      269.954648526074
    ],
    "tom001": [
      90000,
      2201.1111111111177
    ],
    "tom002": [
      93500,
      1700.7256235827697
    ],
    "tom003": [
      96000,
      875.3514739229047
    ]
  }
}
