{
  "urls": [
    "rock-drumkit.ogg",
    "rock-drumkit.m4a",
    "rock-drumkit.mp3",
    "rock-drumkit.ac3"
  ],
  "sprite": {
    "crash 2": [
      0,
      1364.8979591836735
    ],
    "crash 3": [
      2500,
      1352.3356009070296
    ],
    "ride 1": [
      5000,
      1381.5873015873015
    ],
    "Hi Hat 1": [
      7500,
      271.26984126984155
    ],
    "Hi Hat 2-24b": [
      9000,
      288.1859410430838
    ],
    "Hi Hat 2": [
      10500,
      288.1859410430838
    ],
    "Hi Hat 3": [
      12000,
      137.2562358276639
    ],
    "Hi Hat 4": [
      13500,
      140.58956916099774
    ],
    "Hi Hat 5": [
      15000,
      146.91609977324305
    ],
    "Hi Hat 6": [
      16500,
      292.8344671201799
    ],
    "Hi Hat 7-24b": [
      18000,
      156.00907029478606
    ],
    "Hi Hat 7": [
      19500,
      156.00907029478606
    ],
    "Ride 1": [
      21000,
      282.72108843537325
    ],
    "Ride 2": [
      22500,
      589.1609977324279
    ],
    "Kick 1": [
      24000,
      258.14058956916244
    ],
    "Kick 10": [
      25500,
      494.48979591836564
    ],
    "Kick 11": [
      27000,
      280.45351473922864
    ],
    "Kick 12": [
      28500,
      139.79591836734784
    ],
    "Kick 13": [
      30000,
      309.09297052154017
    ],
    "Kick 14": [
      31500,
      450.0226757369603
    ],
    "Kick 15": [
      33000,
      306.6439909297074
    ],
    "Kick 16-24b": [
      34500,
      285.8049886621288
    ],
    "Kick 16": [
      36000,
      285.8049886621288
    ],
    "Kick 17": [
      37500,
      283.40136054421805
    ],
    "Kick 2": [
      39000,
      274.08163265305774
    ],
    "Kick 3-24b": [
      40500,
      137.41496598639458
    ],
    "Kick 3": [
      42000,
      137.41496598639458
    ],
    "Kick 4-24b": [
      43500,
      141.54195011337833
    ],
    "Kick 4": [
      45000,
      141.54195011337833
    ],
    "Kick 5": [
      46500,
      291.9274376417249
    ],
    "Kick 6-24b": [
      48000,
      210.20408163265358
    ],
    "Kick 6": [
      49500,
      210.20408163265358
    ],
    "Kick 7": [
      51000,
      289.99999999999915
    ],
    "Kick 8": [
      52500,
      266.1451247165516
    ],
    "Kick 9": [
      54000,
      283.24263038548736
    ],
    "Snare 1": [
      55500,
      269.954648526074
    ],
    "Snare 10": [
      57000,
      284.9659863945604
    ],
    "Snare 11": [
      58500,
      263.67346938775427
    ],
    "Snare 12": [
      60000,
      299.6598639455783
    ],
    "Snare 13": [
      61500,
      274.30839002267504
    ],
    "Snare 14": [
      63000,
      293.356009070294
    ],
    "Snare 15": [
      64500,
      394.285714285715
    ],
    "Snare 16": [
      66000,
      271.26984126984155
    ],
    "Snare 17": [
      67500,
      295.555555555552
    ],
    "Snare 18": [
      69000,
      145.03401360543933
    ],
    "Snare 19": [
      70500,
      319.72789115646094
    ],
    "Snare 2": [
      72000,
      294.3764172335648
    ],
    "Snare 20-24b": [
      73500,
      301.22448979591354
    ],
    "Snare 20": [
      75000,
      301.22448979591354
    ],
    "Snare 3": [
      76500,
      273.0385487528366
    ],
    "Snare 4": [
      78000,
      577.7551020408112
    ],
    "Snare 5-24b": [
      79500,
      276.5986394557842
    ],
    "Snare 5": [
      81000,
      276.5986394557842
    ],
    "Snare 6": [
      82500,
      301.4739229024883
    ],
    "Snare 7": [
      84000,
      299.9773242630397
    ],
    "Snare 8": [
      85500,
      275.941043083904
    ],
    "Snare 9-24b": [
      87000,
      423.99092970521224
    ],
    "Snare 9": [
      88500,
      423.99092970521224
    ],
    "tom001": [
      90000,
      2201.1111111111177
    ],
    "tom002": [
      93500,
      1700.7256235827697
    ],
    "tom003": [
      96000,
      875.3514739229047
    ]
  }
}