{
  "urls": [
    "default.ogg",
    "default.m4a",
    "default.mp3",
    "default.ac3"
  ],
  "sprite": {
    "Snare 1": [
      0,
      269.9546485260771
    ],
    "Hi Hat 1": [
      2000,
      271.2698412698411
    ],
    "Kick 4": [
      4000,
      141.54195011337833
    ],
    "crash 2": [
      6000,
      1364.897959183674
    ],
    "crash 3": [
      9000,
      1352.3356009070292
    ],
    "ride 1": [
      12000,
      1381.5873015873024
    ],
    "tom001": [
      15000,
      2201.1111111111104
    ],
    "tom002": [
      19000,
      1700.725623582766
    ],
    "tom003": [
      22000,
      875.3514739229012
    ]
  }
}